ret1,gap,ma7,ma14,atr,volchg,ret5,ret10,ma_spread_7_14,target
-0.0223635754938065,-0.0103783059926347,738.0142857142857,743.7607142857144,28.485714285714284,5.1729002668,0.0064796305231955,-0.0270540414473247,-0.0077261792147052,1
-0.0223635754938065,-0.0103783059926347,738.0142857142857,743.7607142857144,28.485714285714284,7.1854929957,0.0064796305231955,-0.0270540414473247,-0.0077261792147052,1
-0.0223635754938065,-0.0103783059926347,738.0142857142857,743.7607142857144,28.485714285714284,-0.0903107224924216,-0.15368753554,-0.235342478,-0.0077261792147052,1
