feature,weight
ma14 > 391.37,-0.19811850365850772
atr > 14.93,0.05533625265802773
-0.03 < ret10 <= 0.01,0.04176966297302976
gap <= -0.00,-0.02809048451271499
ret1 <= -0.01,0.02575668229427909
ma7 > 396.00,0.017219536729030153
-0.29 < volchg <= -0.03,-0.010106072543670033
-0.01 < ma_spread_7_14 <= 0.00,0.0030235619207013686
-0.02 < ret5 <= 0.01,-0.0026354941522020365
